SNP	GWAS_BETA	LDpred2_BETA	SHRINK_RATIO
rs12333074	0.125067755131274	0.110099834157614	0.88032150286899
rs4799838	-0.117971999940428	-0.101017762787803	0.856285922412214
rs1867625	-0.110624134847776	-0.0830908175795994	0.75110930986205
rs6504208	-0.104037765409249	-0.0428137769115415	0.411521496478964
rs2892782	0.102525944315374	0.0890958473966321	0.869007820328576
rs545849	-0.0998282586738316	-0.0851501121268369	0.852966016416729
rs1428864	0.0997739102107218	0.0856427722512738	0.858368405832716
rs2838271	0.097530041284727	0.0834470482745907	0.855603536873088
rs2224410	0.0957431004898461	0.0417507420405712	0.436070503534602
rs2348353	-0.0947803391352067	-0.0357477328692595	0.377164010969241
rs9949956	-0.094662871869852	-0.0772094869917175	0.815625867529876
rs11695630	-0.0919713936603081	-0.0797707868562244	0.867343460629225
rs911178	-0.0913845261084379	-0.0326513739082075	0.357296528183152
rs4008031	-0.0903829323893082	-0.079299258236285	0.877369832334248
rs1789536	-0.0893137925858072	-6.88022759684505e-05	0.000770343235646941
