SNP	GWAS_BETA_ALIGNED	BETA_FIXED	BETA_AUTO	SHRINK_FIXED	SHRINK_AUTO
rs5747927	0.1017	0.006310878	0.001415323	0.0620538643067847	0.0139166470009833
rs719078	0.0721	0.004186057	0.002166406	0.0580590429958391	0.0300472399445215
rs12628081	0.0563	0.002459933	0.0003941493	0.0436933037300178	0.0070008756660746
rs8139369	0.0559	0.003819426	0.0006832011	0.0683260465116279	0.0122218443649374
rs5746373	0.053	0.002080962	0.0003151284	0.0392634339622642	0.00594581886792453
rs16983593	-0.0511	-0.002409269	-0.0003803633	0.0471481213307241	0.00744350880626223
rs5747122	0.0501	0.001256956	0.0006593338	0.0250889421157685	0.0131603552894212
rs5992441	-0.0435	-0.002309083	-0.0004923261	0.053082367816092	0.0113178413793103
rs855064	0.0424	0.002384911	0.0004070628	0.0562479009433962	0.00960053773584906
rs4819447	0.0399	0.0009144817	3.775928e-05	0.0229193408521303	0.000946347869674186
rs3804048	0.0364	0.00138199	0.0004356485	0.0379667582417582	0.0119683653846154
rs1858770	0.0337	0.001460771	0.0001104136	0.0433463204747774	0.00327636795252226
rs2241252	0.033	0.001591584	8.124535e-05	0.0482298181818182	0.0024619803030303
rs4819841	0.0321	0.001554935	8.840173e-05	0.0484403426791277	0.00275394797507788
rs2238732	0.0314	0.0009251947	0.0002669457	0.0294647993630573	0.00850145541401274
