SNP	A1_PRSCS	A2_PRSCS	GWAS_BETA_ALIGNED	PRSCS_BETA	SHRINK_RATIO
rs5747927	A	G	0.1017	0.006310878	0.0620538643067847
rs719078	C	T	0.0721	0.004186057	0.0580590429958391
rs12628081	G	A	0.0563	0.002459933	0.0436933037300178
rs8139369	T	G	0.0559	0.003819426	0.0683260465116279
rs5746373	C	T	0.053	0.002080962	0.0392634339622642
rs16983593	C	T	-0.0511	-0.002409269	0.0471481213307241
rs5747122	C	A	0.0501	0.001256956	0.0250889421157685
rs5992441	T	C	-0.0435	-0.002309083	0.053082367816092
rs855064	A	G	0.0424	0.002384911	0.0562479009433962
rs4819447	G	T	0.0399	0.0009144817	0.0229193408521303
rs3804048	A	G	0.0364	0.00138199	0.0379667582417582
rs1858770	C	A	0.0337	0.001460771	0.0433463204747774
rs2241252	G	A	0.033	0.001591584	0.0482298181818182
rs4819841	A	G	0.0321	0.001554935	0.0484403426791277
rs2238732	T	C	0.0314	0.0009251947	0.0294647993630573
